18.143.180.130,Intel::ADDR,ABUSE-CH,F,THREATFOX
18.143.180.130,Intel::ADDR,ABUSE-CH,F,THREATFOX
18.143.180.130,Intel::ADDR,ABUSE-CH,F,THREATFOX
18.143.180.130,Intel::ADDR,ABUSE-CH,F,THREATFOX
18.143.180.130,Intel::ADDR,ABUSE-CH,F,THREATFOX
18.143.180.130,Intel::ADDR,ABUSE-CH,F,THREATFOX
18.143.180.130,Intel::ADDR,ABUSE-CH,F,THREATFOX
18.143.180.130,Intel::ADDR,ABUSE-CH,F,THREATFOX
13.247.97.177,Intel::ADDR,ABUSE-CH,F,THREATFOX
13.247.97.177,Intel::ADDR,ABUSE-CH,F,THREATFOX
18.143.180.130,Intel::ADDR,ABUSE-CH,F,THREATFOX
18.143.180.130,Intel::ADDR,ABUSE-CH,F,THREATFOX
51.44.155.74,Intel::ADDR,ABUSE-CH,F,THREATFOX
51.44.155.74,Intel::ADDR,ABUSE-CH,F,THREATFOX
51.44.155.74,Intel::ADDR,ABUSE-CH,F,THREATFOX
51.44.155.74,Intel::ADDR,ABUSE-CH,F,THREATFOX
51.44.155.74,Intel::ADDR,ABUSE-CH,F,THREATFOX
51.44.155.74,Intel::ADDR,ABUSE-CH,F,THREATFOX
63.180.247.204,Intel::ADDR,ABUSE-CH,F,THREATFOX
63.180.247.204,Intel::ADDR,ABUSE-CH,F,THREATFOX
13.124.111.95,Intel::ADDR,ABUSE-CH,F,THREATFOX
13.124.111.95,Intel::ADDR,ABUSE-CH,F,THREATFOX
13.124.111.95,Intel::ADDR,ABUSE-CH,F,THREATFOX
13.124.111.95,Intel::ADDR,ABUSE-CH,F,THREATFOX
43.209.117.66,Intel::ADDR,ABUSE-CH,F,THREATFOX
43.209.117.66,Intel::ADDR,ABUSE-CH,F,THREATFOX
43.209.117.66,Intel::ADDR,ABUSE-CH,F,THREATFOX
43.209.117.66,Intel::ADDR,ABUSE-CH,F,THREATFOX
51.34.52.212,Intel::ADDR,ABUSE-CH,F,THREATFOX
51.34.52.212,Intel::ADDR,ABUSE-CH,F,THREATFOX
51.34.52.212,Intel::ADDR,ABUSE-CH,F,THREATFOX
51.34.52.212,Intel::ADDR,ABUSE-CH,F,THREATFOX
15.223.120.154,Intel::ADDR,ABUSE-CH,F,THREATFOX
15.223.120.154,Intel::ADDR,ABUSE-CH,F,THREATFOX
81.206.117.70,Intel::ADDR,ABUSE-CH,F,THREATFOX
81.206.117.70,Intel::ADDR,ABUSE-CH,F,THREATFOX
40.177.84.210,Intel::ADDR,ABUSE-CH,F,THREATFOX
40.177.84.210,Intel::ADDR,ABUSE-CH,F,THREATFOX
54.241.182.163,Intel::ADDR,ABUSE-CH,F,THREATFOX
54.241.182.163,Intel::ADDR,ABUSE-CH,F,THREATFOX
44.221.193.28,Intel::ADDR,ABUSE-CH,F,THREATFOX
44.221.193.28,Intel::ADDR,ABUSE-CH,F,THREATFOX
193.164.4.141,Intel::ADDR,ABUSE-CH,F,THREATFOX
193.164.4.141,Intel::ADDR,ABUSE-CH,F,THREATFOX
109.199.119.43,Intel::ADDR,ABUSE-CH,F,THREATFOX
109.199.119.43,Intel::ADDR,ABUSE-CH,F,THREATFOX
160.124.104.143,Intel::ADDR,ABUSE-CH,F,THREATFOX
160.124.104.143,Intel::ADDR,ABUSE-CH,F,THREATFOX
31.57.219.210,Intel::ADDR,ABUSE-CH,F,THREATFOX
41.62.25.18,Intel::ADDR,ABUSE-CH,F,THREATFOX
41.62.25.18,Intel::ADDR,ABUSE-CH,F,THREATFOX
5.181.156.182,Intel::ADDR,ABUSE-CH,F,THREATFOX
5.181.156.182,Intel::ADDR,ABUSE-CH,F,THREATFOX
46.224.48.214,Intel::ADDR,ABUSE-CH,F,THREATFOX
46.224.48.214,Intel::ADDR,ABUSE-CH,F,THREATFOX
45.148.117.180,Intel::ADDR,ABUSE-CH,F,THREATFOX
45.148.117.180,Intel::ADDR,ABUSE-CH,F,THREATFOX
170.168.61.61,Intel::ADDR,ABUSE-CH,F,THREATFOX
170.168.61.61,Intel::ADDR,ABUSE-CH,F,THREATFOX
54.208.59.100,Intel::ADDR,ABUSE-CH,F,THREATFOX
54.208.59.100,Intel::ADDR,ABUSE-CH,F,THREATFOX
194.195.210.13,Intel::ADDR,ABUSE-CH,F,THREATFOX
194.195.210.13,Intel::ADDR,ABUSE-CH,F,THREATFOX
178.60.208.138,Intel::ADDR,ABUSE-CH,F,THREATFOX
178.60.208.138,Intel::ADDR,ABUSE-CH,F,THREATFOX
3.139.73.166,Intel::ADDR,ABUSE-CH,F,THREATFOX
3.139.73.166,Intel::ADDR,ABUSE-CH,F,THREATFOX
165.232.191.90,Intel::ADDR,ABUSE-CH,F,THREATFOX
165.232.191.90,Intel::ADDR,ABUSE-CH,F,THREATFOX
95.217.242.159,Intel::ADDR,ABUSE-CH,F,THREATFOX
95.217.242.159,Intel::ADDR,ABUSE-CH,F,THREATFOX
65.109.241.62,Intel::ADDR,ABUSE-CH,F,THREATFOX
65.109.241.62,Intel::ADDR,ABUSE-CH,F,THREATFOX
83.147.13.105,Intel::ADDR,ABUSE-CH,F,THREATFOX
109.111.55.222,Intel::ADDR,ABUSE-CH,F,THREATFOX
91.92.240.38,Intel::ADDR,ABUSE-CH,F,THREATFOX
16.79.60.249,Intel::ADDR,ABUSE-CH,F,THREATFOX
16.79.60.249,Intel::ADDR,ABUSE-CH,F,THREATFOX
54.87.11.130,Intel::ADDR,ABUSE-CH,F,THREATFOX
54.87.11.130,Intel::ADDR,ABUSE-CH,F,THREATFOX
54.87.11.130,Intel::ADDR,ABUSE-CH,F,THREATFOX
54.87.11.130,Intel::ADDR,ABUSE-CH,F,THREATFOX
16.28.27.221,Intel::ADDR,ABUSE-CH,F,THREATFOX
16.28.27.221,Intel::ADDR,ABUSE-CH,F,THREATFOX
43.210.3.49,Intel::ADDR,ABUSE-CH,F,THREATFOX
43.210.3.49,Intel::ADDR,ABUSE-CH,F,THREATFOX
54.87.11.130,Intel::ADDR,ABUSE-CH,F,THREATFOX
54.87.11.130,Intel::ADDR,ABUSE-CH,F,THREATFOX
40.172.186.223,Intel::ADDR,ABUSE-CH,F,THREATFOX
40.172.186.223,Intel::ADDR,ABUSE-CH,F,THREATFOX
16.176.104.85,Intel::ADDR,ABUSE-CH,F,THREATFOX
16.176.104.85,Intel::ADDR,ABUSE-CH,F,THREATFOX
13.247.110.186,Intel::ADDR,ABUSE-CH,F,THREATFOX
13.247.110.186,Intel::ADDR,ABUSE-CH,F,THREATFOX
3.145.151.101,Intel::ADDR,ABUSE-CH,F,THREATFOX
3.145.151.101,Intel::ADDR,ABUSE-CH,F,THREATFOX
43.216.199.229,Intel::ADDR,ABUSE-CH,F,THREATFOX
43.216.199.229,Intel::ADDR,ABUSE-CH,F,THREATFOX
13.247.110.186,Intel::ADDR,ABUSE-CH,F,THREATFOX
13.247.110.186,Intel::ADDR,ABUSE-CH,F,THREATFOX
108.136.117.44,Intel::ADDR,ABUSE-CH,F,THREATFOX
108.136.117.44,Intel::ADDR,ABUSE-CH,F,THREATFOX
43.216.199.229,Intel::ADDR,ABUSE-CH,F,THREATFOX
43.216.199.229,Intel::ADDR,ABUSE-CH,F,THREATFOX
18.61.163.194,Intel::ADDR,ABUSE-CH,F,THREATFOX
18.61.163.194,Intel::ADDR,ABUSE-CH,F,THREATFOX
35.89.254.114,Intel::ADDR,ABUSE-CH,F,THREATFOX
35.89.254.114,Intel::ADDR,ABUSE-CH,F,THREATFOX
156.194.88.7,Intel::ADDR,ABUSE-CH,F,THREATFOX
156.194.88.7,Intel::ADDR,ABUSE-CH,F,THREATFOX
13.38.97.13,Intel::ADDR,ABUSE-CH,F,THREATFOX
13.38.97.13,Intel::ADDR,ABUSE-CH,F,THREATFOX
13.38.97.13,Intel::ADDR,ABUSE-CH,F,THREATFOX
13.38.97.13,Intel::ADDR,ABUSE-CH,F,THREATFOX
56.124.114.151,Intel::ADDR,ABUSE-CH,F,THREATFOX
56.124.114.151,Intel::ADDR,ABUSE-CH,F,THREATFOX
51.68.202.104,Intel::ADDR,ABUSE-CH,F,THREATFOX
51.68.202.104,Intel::ADDR,ABUSE-CH,F,THREATFOX
159.198.41.199,Intel::ADDR,ABUSE-CH,F,THREATFOX
159.198.41.199,Intel::ADDR,ABUSE-CH,F,THREATFOX
69.167.11.55,Intel::ADDR,ABUSE-CH,F,THREATFOX
69.167.11.55,Intel::ADDR,ABUSE-CH,F,THREATFOX
109.107.178.21,Intel::ADDR,ABUSE-CH,F,THREATFOX
109.107.178.21,Intel::ADDR,ABUSE-CH,F,THREATFOX
103.60.12.216,Intel::ADDR,ABUSE-CH,F,THREATFOX
103.60.12.216,Intel::ADDR,ABUSE-CH,F,THREATFOX
47.104.172.191,Intel::ADDR,ABUSE-CH,F,THREATFOX
47.104.172.191,Intel::ADDR,ABUSE-CH,F,THREATFOX
64.89.163.189,Intel::ADDR,ABUSE-CH,F,THREATFOX
64.89.163.189,Intel::ADDR,ABUSE-CH,F,THREATFOX
23.226.51.88,Intel::ADDR,ABUSE-CH,F,THREATFOX
23.226.51.88,Intel::ADDR,ABUSE-CH,F,THREATFOX
47.238.104.19,Intel::ADDR,ABUSE-CH,F,THREATFOX
91.92.242.153,Intel::ADDR,ABUSE-CH,F,THREATFOX
42.81.234.144,Intel::ADDR,ABUSE-CH,F,THREATFOX
169.40.135.2,Intel::ADDR,ABUSE-CH,F,THREATFOX
144.208.127.217,Intel::ADDR,ABUSE-CH,F,THREATFOX
144.208.127.217,Intel::ADDR,ABUSE-CH,F,THREATFOX
88.190.202.46,Intel::ADDR,ABUSE-CH,F,THREATFOX
26.104.139.114,Intel::ADDR,ABUSE-CH,F,THREATFOX
26.104.139.114,Intel::ADDR,ABUSE-CH,F,THREATFOX
26.104.139.114,Intel::ADDR,ABUSE-CH,F,THREATFOX
86.108.33.82,Intel::ADDR,ABUSE-CH,F,THREATFOX
3.36.67.168,Intel::ADDR,ABUSE-CH,F,THREATFOX
3.36.67.168,Intel::ADDR,ABUSE-CH,F,THREATFOX
51.44.171.116,Intel::ADDR,ABUSE-CH,F,THREATFOX
51.44.171.116,Intel::ADDR,ABUSE-CH,F,THREATFOX
16.79.60.249,Intel::ADDR,ABUSE-CH,F,THREATFOX
16.79.60.249,Intel::ADDR,ABUSE-CH,F,THREATFOX
3.101.88.52,Intel::ADDR,ABUSE-CH,F,THREATFOX
3.101.88.52,Intel::ADDR,ABUSE-CH,F,THREATFOX
78.12.143.115,Intel::ADDR,ABUSE-CH,F,THREATFOX
78.12.143.115,Intel::ADDR,ABUSE-CH,F,THREATFOX
40.172.186.223,Intel::ADDR,ABUSE-CH,F,THREATFOX
40.172.186.223,Intel::ADDR,ABUSE-CH,F,THREATFOX
196.75.249.127,Intel::ADDR,ABUSE-CH,F,THREATFOX
196.75.249.127,Intel::ADDR,ABUSE-CH,F,THREATFOX
117.2.219.119,Intel::ADDR,ABUSE-CH,F,THREATFOX
117.2.219.119,Intel::ADDR,ABUSE-CH,F,THREATFOX
196.251.107.47,Intel::ADDR,ABUSE-CH,F,THREATFOX
196.251.107.47,Intel::ADDR,ABUSE-CH,F,THREATFOX
104.207.141.236,Intel::ADDR,ABUSE-CH,F,THREATFOX
104.207.141.236,Intel::ADDR,ABUSE-CH,F,THREATFOX
104.194.214.16,Intel::ADDR,ABUSE-CH,F,THREATFOX
104.194.214.16,Intel::ADDR,ABUSE-CH,F,THREATFOX
104.194.214.16,Intel::ADDR,ABUSE-CH,F,THREATFOX
104.194.214.16,Intel::ADDR,ABUSE-CH,F,THREATFOX
194.14.217.119,Intel::ADDR,ABUSE-CH,F,THREATFOX
194.14.217.119,Intel::ADDR,ABUSE-CH,F,THREATFOX
3.101.88.52,Intel::ADDR,ABUSE-CH,F,THREATFOX
3.101.88.52,Intel::ADDR,ABUSE-CH,F,THREATFOX
54.177.182.141,Intel::ADDR,ABUSE-CH,F,THREATFOX
54.177.182.141,Intel::ADDR,ABUSE-CH,F,THREATFOX
40.177.165.44,Intel::ADDR,ABUSE-CH,F,THREATFOX
40.177.165.44,Intel::ADDR,ABUSE-CH,F,THREATFOX
204.236.144.16,Intel::ADDR,ABUSE-CH,F,THREATFOX
204.236.144.16,Intel::ADDR,ABUSE-CH,F,THREATFOX
204.236.144.16,Intel::ADDR,ABUSE-CH,F,THREATFOX
204.236.144.16,Intel::ADDR,ABUSE-CH,F,THREATFOX
15.228.193.137,Intel::ADDR,ABUSE-CH,F,THREATFOX
15.228.193.137,Intel::ADDR,ABUSE-CH,F,THREATFOX
203.195.240.20,Intel::ADDR,ABUSE-CH,F,THREATFOX
203.195.240.20,Intel::ADDR,ABUSE-CH,F,THREATFOX
54.253.204.164,Intel::ADDR,ABUSE-CH,F,THREATFOX
54.253.204.164,Intel::ADDR,ABUSE-CH,F,THREATFOX
108.131.58.244,Intel::ADDR,ABUSE-CH,F,THREATFOX
108.131.58.244,Intel::ADDR,ABUSE-CH,F,THREATFOX
3.148.240.239,Intel::ADDR,ABUSE-CH,F,THREATFOX
3.148.240.239,Intel::ADDR,ABUSE-CH,F,THREATFOX
13.60.201.69,Intel::ADDR,ABUSE-CH,F,THREATFOX
13.60.201.69,Intel::ADDR,ABUSE-CH,F,THREATFOX
98.130.44.139,Intel::ADDR,ABUSE-CH,F,THREATFOX
98.130.44.139,Intel::ADDR,ABUSE-CH,F,THREATFOX
35.181.4.57,Intel::ADDR,ABUSE-CH,F,THREATFOX
35.181.4.57,Intel::ADDR,ABUSE-CH,F,THREATFOX
13.246.44.126,Intel::ADDR,ABUSE-CH,F,THREATFOX
13.246.44.126,Intel::ADDR,ABUSE-CH,F,THREATFOX
13.246.44.126,Intel::ADDR,ABUSE-CH,F,THREATFOX
13.246.44.126,Intel::ADDR,ABUSE-CH,F,THREATFOX
13.247.230.154,Intel::ADDR,ABUSE-CH,F,THREATFOX
13.247.230.154,Intel::ADDR,ABUSE-CH,F,THREATFOX
3.144.255.19,Intel::ADDR,ABUSE-CH,F,THREATFOX
3.144.255.19,Intel::ADDR,ABUSE-CH,F,THREATFOX
3.144.255.19,Intel::ADDR,ABUSE-CH,F,THREATFOX
3.144.255.19,Intel::ADDR,ABUSE-CH,F,THREATFOX
13.38.44.144,Intel::ADDR,ABUSE-CH,F,THREATFOX
13.38.44.144,Intel::ADDR,ABUSE-CH,F,THREATFOX
13.38.44.144,Intel::ADDR,ABUSE-CH,F,THREATFOX
13.38.44.144,Intel::ADDR,ABUSE-CH,F,THREATFOX
103.177.46.13,Intel::ADDR,ABUSE-CH,F,THREATFOX
103.177.46.13,Intel::ADDR,ABUSE-CH,F,THREATFOX
52.199.15.126,Intel::ADDR,ABUSE-CH,F,THREATFOX
52.199.15.126,Intel::ADDR,ABUSE-CH,F,THREATFOX
13.37.239.190,Intel::ADDR,ABUSE-CH,F,THREATFOX
13.37.239.190,Intel::ADDR,ABUSE-CH,F,THREATFOX
13.37.239.190,Intel::ADDR,ABUSE-CH,F,THREATFOX
13.37.239.190,Intel::ADDR,ABUSE-CH,F,THREATFOX
16.62.214.182,Intel::ADDR,ABUSE-CH,F,THREATFOX
16.62.214.182,Intel::ADDR,ABUSE-CH,F,THREATFOX
35.161.91.38,Intel::ADDR,ABUSE-CH,F,THREATFOX
35.161.91.38,Intel::ADDR,ABUSE-CH,F,THREATFOX
16.78.40.103,Intel::ADDR,ABUSE-CH,F,THREATFOX
16.78.40.103,Intel::ADDR,ABUSE-CH,F,THREATFOX
43.210.3.49,Intel::ADDR,ABUSE-CH,F,THREATFOX
43.210.3.49,Intel::ADDR,ABUSE-CH,F,THREATFOX
16.78.101.132,Intel::ADDR,ABUSE-CH,F,THREATFOX
16.78.101.132,Intel::ADDR,ABUSE-CH,F,THREATFOX
16.78.101.132,Intel::ADDR,ABUSE-CH,F,THREATFOX
16.78.101.132,Intel::ADDR,ABUSE-CH,F,THREATFOX
16.78.101.132,Intel::ADDR,ABUSE-CH,F,THREATFOX
16.78.101.132,Intel::ADDR,ABUSE-CH,F,THREATFOX
56.155.45.242,Intel::ADDR,ABUSE-CH,F,THREATFOX
56.155.45.242,Intel::ADDR,ABUSE-CH,F,THREATFOX
54.176.53.20,Intel::ADDR,ABUSE-CH,F,THREATFOX
54.176.53.20,Intel::ADDR,ABUSE-CH,F,THREATFOX
13.126.207.183,Intel::ADDR,ABUSE-CH,F,THREATFOX
13.126.207.183,Intel::ADDR,ABUSE-CH,F,THREATFOX
43.204.19.30,Intel::ADDR,ABUSE-CH,F,THREATFOX
43.204.19.30,Intel::ADDR,ABUSE-CH,F,THREATFOX
13.62.50.136,Intel::ADDR,ABUSE-CH,F,THREATFOX
13.62.50.136,Intel::ADDR,ABUSE-CH,F,THREATFOX
35.157.246.63,Intel::ADDR,ABUSE-CH,F,THREATFOX
35.157.246.63,Intel::ADDR,ABUSE-CH,F,THREATFOX
15.228.227.9,Intel::ADDR,ABUSE-CH,F,THREATFOX
15.228.227.9,Intel::ADDR,ABUSE-CH,F,THREATFOX
16.79.61.179,Intel::ADDR,ABUSE-CH,F,THREATFOX
16.79.61.179,Intel::ADDR,ABUSE-CH,F,THREATFOX
13.245.4.173,Intel::ADDR,ABUSE-CH,F,THREATFOX
13.245.4.173,Intel::ADDR,ABUSE-CH,F,THREATFOX
15.237.101.135,Intel::ADDR,ABUSE-CH,F,THREATFOX
15.237.101.135,Intel::ADDR,ABUSE-CH,F,THREATFOX
18.191.189.39,Intel::ADDR,ABUSE-CH,F,THREATFOX
18.191.189.39,Intel::ADDR,ABUSE-CH,F,THREATFOX
13.247.181.176,Intel::ADDR,ABUSE-CH,F,THREATFOX
13.247.181.176,Intel::ADDR,ABUSE-CH,F,THREATFOX
45.129.230.38,Intel::ADDR,ABUSE-CH,F,THREATFOX
45.129.230.38,Intel::ADDR,ABUSE-CH,F,THREATFOX
85.158.57.170,Intel::ADDR,ABUSE-CH,F,THREATFOX
85.158.57.170,Intel::ADDR,ABUSE-CH,F,THREATFOX
154.8.184.197,Intel::ADDR,ABUSE-CH,F,THREATFOX
154.8.184.197,Intel::ADDR,ABUSE-CH,F,THREATFOX
144.124.227.226,Intel::ADDR,ABUSE-CH,F,THREATFOX
144.124.227.226,Intel::ADDR,ABUSE-CH,F,THREATFOX
92.255.85.68,Intel::ADDR,ABUSE-CH,F,THREATFOX
92.255.85.68,Intel::ADDR,ABUSE-CH,F,THREATFOX
66.154.127.200,Intel::ADDR,ABUSE-CH,F,THREATFOX
66.154.127.200,Intel::ADDR,ABUSE-CH,F,THREATFOX
194.68.44.25,Intel::ADDR,ABUSE-CH,F,THREATFOX
194.68.44.25,Intel::ADDR,ABUSE-CH,F,THREATFOX
194.68.44.25,Intel::ADDR,ABUSE-CH,F,THREATFOX
194.68.44.25,Intel::ADDR,ABUSE-CH,F,THREATFOX
23.249.28.75,Intel::ADDR,ABUSE-CH,F,THREATFOX
23.249.28.75,Intel::ADDR,ABUSE-CH,F,THREATFOX
143.92.34.55,Intel::ADDR,ABUSE-CH,F,THREATFOX
173.249.55.38,Intel::ADDR,ABUSE-CH,F,THREATFOX
173.249.55.38,Intel::ADDR,ABUSE-CH,F,THREATFOX
112.94.22.102,Intel::ADDR,ABUSE-CH,F,THREATFOX
112.94.22.102,Intel::ADDR,ABUSE-CH,F,THREATFOX
141.164.42.5,Intel::ADDR,ABUSE-CH,F,THREATFOX
141.164.42.5,Intel::ADDR,ABUSE-CH,F,THREATFOX
169.40.135.2,Intel::ADDR,ABUSE-CH,F,THREATFOX
169.40.135.2,Intel::ADDR,ABUSE-CH,F,THREATFOX
45.64.109.10,Intel::ADDR,ABUSE-CH,F,THREATFOX
45.64.109.10,Intel::ADDR,ABUSE-CH,F,THREATFOX
119.28.195.39,Intel::ADDR,ABUSE-CH,F,THREATFOX
223.26.62.188,Intel::ADDR,ABUSE-CH,F,THREATFOX
143.92.32.25,Intel::ADDR,ABUSE-CH,F,THREATFOX
143.92.32.194,Intel::ADDR,ABUSE-CH,F,THREATFOX
156.247.40.89,Intel::ADDR,ABUSE-CH,F,THREATFOX
156.247.40.169,Intel::ADDR,ABUSE-CH,F,THREATFOX
192.229.116.155,Intel::ADDR,ABUSE-CH,F,THREATFOX
192.229.116.167,Intel::ADDR,ABUSE-CH,F,THREATFOX
202.61.160.201,Intel::ADDR,ABUSE-CH,F,THREATFOX
47.237.95.113,Intel::ADDR,ABUSE-CH,F,THREATFOX
47.237.105.38,Intel::ADDR,ABUSE-CH,F,THREATFOX
47.237.108.120,Intel::ADDR,ABUSE-CH,F,THREATFOX
47.238.104.19,Intel::ADDR,ABUSE-CH,F,THREATFOX
81.69.43.28,Intel::ADDR,ABUSE-CH,F,THREATFOX
137.220.152.136,Intel::ADDR,ABUSE-CH,F,THREATFOX
137.220.155.75,Intel::ADDR,ABUSE-CH,F,THREATFOX
8.222.204.62,Intel::ADDR,ABUSE-CH,F,THREATFOX
27.124.20.229,Intel::ADDR,ABUSE-CH,F,THREATFOX
43.106.25.77,Intel::ADDR,ABUSE-CH,F,THREATFOX
45.207.199.73,Intel::ADDR,ABUSE-CH,F,THREATFOX
47.84.82.1,Intel::ADDR,ABUSE-CH,F,THREATFOX
94.159.113.32,Intel::ADDR,ABUSE-CH,F,THREATFOX
104.193.195.196,Intel::ADDR,ABUSE-CH,F,THREATFOX
149.104.4.149,Intel::ADDR,ABUSE-CH,F,THREATFOX
65.108.121.254,Intel::ADDR,ABUSE-CH,F,THREATFOX
138.226.236.106,Intel::ADDR,ABUSE-CH,F,THREATFOX
77.42.48.197,Intel::ADDR,ABUSE-CH,F,THREATFOX
192.177.26.143,Intel::ADDR,ABUSE-CH,F,THREATFOX
65.109.240.214,Intel::ADDR,ABUSE-CH,F,THREATFOX
138.226.237.10,Intel::ADDR,ABUSE-CH,F,THREATFOX
94.141.122.173,Intel::ADDR,ABUSE-CH,F,THREATFOX
138.226.237.99,Intel::ADDR,ABUSE-CH,F,THREATFOX
77.42.48.199,Intel::ADDR,ABUSE-CH,F,THREATFOX
83.147.192.28,Intel::ADDR,ABUSE-CH,F,THREATFOX
194.48.248.75,Intel::ADDR,ABUSE-CH,F,THREATFOX
158.158.8.193,Intel::ADDR,ABUSE-CH,F,THREATFOX
13.248.136.128,Intel::ADDR,ABUSE-CH,F,THREATFOX
83.229.17.75,Intel::ADDR,ABUSE-CH,F,THREATFOX
16.50.207.187,Intel::ADDR,ABUSE-CH,F,THREATFOX
16.50.207.187,Intel::ADDR,ABUSE-CH,F,THREATFOX
51.44.182.195,Intel::ADDR,ABUSE-CH,F,THREATFOX
51.44.182.195,Intel::ADDR,ABUSE-CH,F,THREATFOX
199.101.111.102,Intel::ADDR,ABUSE-CH,F,THREATFOX
199.101.111.102,Intel::ADDR,ABUSE-CH,F,THREATFOX
3.107.73.115,Intel::ADDR,ABUSE-CH,F,THREATFOX
3.107.73.115,Intel::ADDR,ABUSE-CH,F,THREATFOX
13.238.253.157,Intel::ADDR,ABUSE-CH,F,THREATFOX
13.238.253.157,Intel::ADDR,ABUSE-CH,F,THREATFOX
54.65.31.144,Intel::ADDR,ABUSE-CH,F,THREATFOX
54.65.31.144,Intel::ADDR,ABUSE-CH,F,THREATFOX
43.204.19.30,Intel::ADDR,ABUSE-CH,F,THREATFOX
43.204.19.30,Intel::ADDR,ABUSE-CH,F,THREATFOX
143.198.223.102,Intel::ADDR,ABUSE-CH,F,THREATFOX
143.198.223.102,Intel::ADDR,ABUSE-CH,F,THREATFOX
149.104.104.68,Intel::ADDR,ABUSE-CH,F,THREATFOX
149.104.104.68,Intel::ADDR,ABUSE-CH,F,THREATFOX
13.71.137.28,Intel::ADDR,ABUSE-CH,F,THREATFOX
13.71.137.28,Intel::ADDR,ABUSE-CH,F,THREATFOX
155.138.155.226,Intel::ADDR,ABUSE-CH,F,THREATFOX
155.138.155.226,Intel::ADDR,ABUSE-CH,F,THREATFOX
185.11.61.139,Intel::ADDR,ABUSE-CH,F,THREATFOX
185.11.61.139,Intel::ADDR,ABUSE-CH,F,THREATFOX
144.208.127.217,Intel::ADDR,ABUSE-CH,F,THREATFOX
144.208.127.217,Intel::ADDR,ABUSE-CH,F,THREATFOX
45.148.102.208,Intel::ADDR,ABUSE-CH,F,THREATFOX
45.148.102.208,Intel::ADDR,ABUSE-CH,F,THREATFOX
176.65.151.219,Intel::ADDR,ABUSE-CH,F,THREATFOX
176.65.151.219,Intel::ADDR,ABUSE-CH,F,THREATFOX
47.120.32.72,Intel::ADDR,ABUSE-CH,F,THREATFOX
47.120.32.72,Intel::ADDR,ABUSE-CH,F,THREATFOX
106.54.40.209,Intel::ADDR,ABUSE-CH,F,THREATFOX
106.54.40.209,Intel::ADDR,ABUSE-CH,F,THREATFOX
47.97.31.229,Intel::ADDR,ABUSE-CH,F,THREATFOX
47.97.31.229,Intel::ADDR,ABUSE-CH,F,THREATFOX
64.89.163.189,Intel::ADDR,ABUSE-CH,F,THREATFOX
64.89.163.189,Intel::ADDR,ABUSE-CH,F,THREATFOX
45.156.87.65,Intel::ADDR,ABUSE-CH,F,THREATFOX
94.103.1.30,Intel::ADDR,ABUSE-CH,F,THREATFOX
108.160.131.147,Intel::ADDR,ABUSE-CH,F,THREATFOX
119.3.156.32,Intel::ADDR,ABUSE-CH,F,THREATFOX
111.230.9.108,Intel::ADDR,ABUSE-CH,F,THREATFOX
130.12.182.225,Intel::ADDR,ABUSE-CH,F,THREATFOX
18.175.134.132,Intel::ADDR,ABUSE-CH,F,THREATFOX
18.175.134.132,Intel::ADDR,ABUSE-CH,F,THREATFOX
18.175.134.132,Intel::ADDR,ABUSE-CH,F,THREATFOX
18.175.134.132,Intel::ADDR,ABUSE-CH,F,THREATFOX
16.50.207.187,Intel::ADDR,ABUSE-CH,F,THREATFOX
16.50.207.187,Intel::ADDR,ABUSE-CH,F,THREATFOX
16.50.207.187,Intel::ADDR,ABUSE-CH,F,THREATFOX
16.50.207.187,Intel::ADDR,ABUSE-CH,F,THREATFOX
16.50.207.187,Intel::ADDR,ABUSE-CH,F,THREATFOX
16.50.207.187,Intel::ADDR,ABUSE-CH,F,THREATFOX
13.126.136.91,Intel::ADDR,ABUSE-CH,F,THREATFOX
13.126.136.91,Intel::ADDR,ABUSE-CH,F,THREATFOX
13.126.136.91,Intel::ADDR,ABUSE-CH,F,THREATFOX
13.126.136.91,Intel::ADDR,ABUSE-CH,F,THREATFOX
199.101.111.54,Intel::ADDR,ABUSE-CH,F,THREATFOX
199.101.111.54,Intel::ADDR,ABUSE-CH,F,THREATFOX
199.101.111.31,Intel::ADDR,ABUSE-CH,F,THREATFOX
199.101.111.31,Intel::ADDR,ABUSE-CH,F,THREATFOX
98.130.136.223,Intel::ADDR,ABUSE-CH,F,THREATFOX
98.130.136.223,Intel::ADDR,ABUSE-CH,F,THREATFOX
18.237.102.144,Intel::ADDR,ABUSE-CH,F,THREATFOX
18.237.102.144,Intel::ADDR,ABUSE-CH,F,THREATFOX
199.101.111.27,Intel::ADDR,ABUSE-CH,F,THREATFOX
199.101.111.27,Intel::ADDR,ABUSE-CH,F,THREATFOX
98.130.136.223,Intel::ADDR,ABUSE-CH,F,THREATFOX
98.130.136.223,Intel::ADDR,ABUSE-CH,F,THREATFOX
199.101.111.112,Intel::ADDR,ABUSE-CH,F,THREATFOX
199.101.111.112,Intel::ADDR,ABUSE-CH,F,THREATFOX
199.101.111.73,Intel::ADDR,ABUSE-CH,F,THREATFOX
199.101.111.73,Intel::ADDR,ABUSE-CH,F,THREATFOX
199.101.111.65,Intel::ADDR,ABUSE-CH,F,THREATFOX
199.101.111.65,Intel::ADDR,ABUSE-CH,F,THREATFOX
108.187.4.207,Intel::ADDR,ABUSE-CH,F,THREATFOX
108.187.4.207,Intel::ADDR,ABUSE-CH,F,THREATFOX
77.83.39.207,Intel::ADDR,ABUSE-CH,F,THREATFOX
77.83.39.207,Intel::ADDR,ABUSE-CH,F,THREATFOX
152.53.95.33,Intel::ADDR,ABUSE-CH,F,THREATFOX
152.53.95.33,Intel::ADDR,ABUSE-CH,F,THREATFOX
158.94.210.253,Intel::ADDR,ABUSE-CH,F,THREATFOX
158.94.210.253,Intel::ADDR,ABUSE-CH,F,THREATFOX
158.94.210.195,Intel::ADDR,ABUSE-CH,F,THREATFOX
158.94.210.195,Intel::ADDR,ABUSE-CH,F,THREATFOX
45.83.31.52,Intel::ADDR,ABUSE-CH,F,THREATFOX
45.83.31.52,Intel::ADDR,ABUSE-CH,F,THREATFOX
130.12.182.226,Intel::ADDR,ABUSE-CH,F,THREATFOX
130.12.182.226,Intel::ADDR,ABUSE-CH,F,THREATFOX
47.104.172.191,Intel::ADDR,ABUSE-CH,F,THREATFOX
106.54.34.252,Intel::ADDR,ABUSE-CH,F,THREATFOX
106.54.34.252,Intel::ADDR,ABUSE-CH,F,THREATFOX
106.54.34.252,Intel::ADDR,ABUSE-CH,F,THREATFOX
217.160.153.225,Intel::ADDR,ABUSE-CH,F,THREATFOX
217.160.153.225,Intel::ADDR,ABUSE-CH,F,THREATFOX
51.20.115.188,Intel::ADDR,ABUSE-CH,F,THREATFOX
51.20.115.188,Intel::ADDR,ABUSE-CH,F,THREATFOX
51.20.115.188,Intel::ADDR,ABUSE-CH,F,THREATFOX
51.20.115.188,Intel::ADDR,ABUSE-CH,F,THREATFOX
54.151.5.51,Intel::ADDR,ABUSE-CH,F,THREATFOX
54.151.5.51,Intel::ADDR,ABUSE-CH,F,THREATFOX
54.151.5.51,Intel::ADDR,ABUSE-CH,F,THREATFOX
54.151.5.51,Intel::ADDR,ABUSE-CH,F,THREATFOX
15.160.233.170,Intel::ADDR,ABUSE-CH,F,THREATFOX
15.160.233.170,Intel::ADDR,ABUSE-CH,F,THREATFOX
13.208.172.23,Intel::ADDR,ABUSE-CH,F,THREATFOX
13.208.172.23,Intel::ADDR,ABUSE-CH,F,THREATFOX
13.38.45.1,Intel::ADDR,ABUSE-CH,F,THREATFOX
13.38.45.1,Intel::ADDR,ABUSE-CH,F,THREATFOX
16.78.4.237,Intel::ADDR,ABUSE-CH,F,THREATFOX
16.78.4.237,Intel::ADDR,ABUSE-CH,F,THREATFOX
108.136.249.172,Intel::ADDR,ABUSE-CH,F,THREATFOX
108.136.249.172,Intel::ADDR,ABUSE-CH,F,THREATFOX
3.148.178.54,Intel::ADDR,ABUSE-CH,F,THREATFOX
3.148.178.54,Intel::ADDR,ABUSE-CH,F,THREATFOX
52.215.72.24,Intel::ADDR,ABUSE-CH,F,THREATFOX
52.215.72.24,Intel::ADDR,ABUSE-CH,F,THREATFOX
35.94.55.48,Intel::ADDR,ABUSE-CH,F,THREATFOX
35.94.55.48,Intel::ADDR,ABUSE-CH,F,THREATFOX
103.213.244.104,Intel::ADDR,ABUSE-CH,F,THREATFOX
103.213.244.104,Intel::ADDR,ABUSE-CH,F,THREATFOX
103.213.244.106,Intel::ADDR,ABUSE-CH,F,THREATFOX
103.213.244.106,Intel::ADDR,ABUSE-CH,F,THREATFOX
104.243.248.63,Intel::ADDR,ABUSE-CH,F,THREATFOX
104.243.248.63,Intel::ADDR,ABUSE-CH,F,THREATFOX
155.94.144.226,Intel::ADDR,ABUSE-CH,F,THREATFOX
155.94.144.226,Intel::ADDR,ABUSE-CH,F,THREATFOX
124.198.131.156,Intel::ADDR,ABUSE-CH,F,THREATFOX
124.198.131.156,Intel::ADDR,ABUSE-CH,F,THREATFOX
185.241.208.150,Intel::ADDR,ABUSE-CH,F,THREATFOX
31.57.219.210,Intel::ADDR,ABUSE-CH,F,THREATFOX
151.241.154.12,Intel::ADDR,ABUSE-CH,F,THREATFOX
185.100.157.186,Intel::ADDR,ABUSE-CH,F,THREATFOX
151.241.154.109,Intel::ADDR,ABUSE-CH,F,THREATFOX
13.213.78.225,Intel::ADDR,ABUSE-CH,F,THREATFOX
13.213.78.225,Intel::ADDR,ABUSE-CH,F,THREATFOX
192.253.245.199,Intel::ADDR,ABUSE-CH,F,THREATFOX
192.253.245.199,Intel::ADDR,ABUSE-CH,F,THREATFOX
169.40.135.96,Intel::ADDR,ABUSE-CH,F,THREATFOX
169.40.135.96,Intel::ADDR,ABUSE-CH,F,THREATFOX
20.2.140.201,Intel::ADDR,ABUSE-CH,F,THREATFOX
20.2.140.201,Intel::ADDR,ABUSE-CH,F,THREATFOX
45.94.31.119,Intel::ADDR,ABUSE-CH,F,THREATFOX
45.94.31.119,Intel::ADDR,ABUSE-CH,F,THREATFOX
124.198.132.190,Intel::ADDR,ABUSE-CH,F,THREATFOX
124.198.132.190,Intel::ADDR,ABUSE-CH,F,THREATFOX
104.223.57.30,Intel::ADDR,ABUSE-CH,F,THREATFOX
104.223.57.30,Intel::ADDR,ABUSE-CH,F,THREATFOX
106.55.154.4,Intel::ADDR,ABUSE-CH,F,THREATFOX
106.55.154.4,Intel::ADDR,ABUSE-CH,F,THREATFOX
185.170.154.101,Intel::ADDR,ABUSE-CH,F,THREATFOX
144.31.219.15,Intel::ADDR,ABUSE-CH,F,THREATFOX
178.17.59.1,Intel::ADDR,ABUSE-CH,F,THREATFOX
185.196.11.174,Intel::ADDR,ABUSE-CH,F,THREATFOX
185.196.11.174,Intel::ADDR,ABUSE-CH,F,THREATFOX
185.196.11.174,Intel::ADDR,ABUSE-CH,F,THREATFOX
38.45.126.243,Intel::ADDR,ABUSE-CH,F,THREATFOX
64.188.98.20,Intel::ADDR,ABUSE-CH,F,THREATFOX
172.59.191.252,Intel::ADDR,ABUSE-CH,F,THREATFOX
172.59.191.252,Intel::ADDR,ABUSE-CH,F,THREATFOX
88.124.81.211,Intel::ADDR,ABUSE-CH,F,THREATFOX
13.53.159.33,Intel::ADDR,ABUSE-CH,F,THREATFOX
216.9.224.26,Intel::ADDR,ABUSE-CH,F,THREATFOX
91.219.236.237,Intel::ADDR,ABUSE-CH,F,THREATFOX
118.107.29.135,Intel::ADDR,ABUSE-CH,F,THREATFOX
27.124.43.115,Intel::ADDR,ABUSE-CH,F,THREATFOX
129.226.135.232,Intel::ADDR,ABUSE-CH,F,THREATFOX
204.10.160.190,Intel::ADDR,ABUSE-CH,F,THREATFOX
47.92.204.208,Intel::ADDR,ABUSE-CH,F,THREATFOX
47.92.204.208,Intel::ADDR,ABUSE-CH,F,THREATFOX
18.144.49.159,Intel::ADDR,ABUSE-CH,F,THREATFOX
18.144.49.159,Intel::ADDR,ABUSE-CH,F,THREATFOX
18.144.49.159,Intel::ADDR,ABUSE-CH,F,THREATFOX
18.144.49.159,Intel::ADDR,ABUSE-CH,F,THREATFOX
108.136.248.198,Intel::ADDR,ABUSE-CH,F,THREATFOX
108.136.248.198,Intel::ADDR,ABUSE-CH,F,THREATFOX
51.34.126.94,Intel::ADDR,ABUSE-CH,F,THREATFOX
51.34.126.94,Intel::ADDR,ABUSE-CH,F,THREATFOX
15.223.70.81,Intel::ADDR,ABUSE-CH,F,THREATFOX
15.223.70.81,Intel::ADDR,ABUSE-CH,F,THREATFOX
15.223.70.81,Intel::ADDR,ABUSE-CH,F,THREATFOX
15.223.70.81,Intel::ADDR,ABUSE-CH,F,THREATFOX
51.20.66.173,Intel::ADDR,ABUSE-CH,F,THREATFOX
51.20.66.173,Intel::ADDR,ABUSE-CH,F,THREATFOX
51.112.43.127,Intel::ADDR,ABUSE-CH,F,THREATFOX
51.112.43.127,Intel::ADDR,ABUSE-CH,F,THREATFOX
18.162.190.213,Intel::ADDR,ABUSE-CH,F,THREATFOX
18.162.190.213,Intel::ADDR,ABUSE-CH,F,THREATFOX
18.162.190.213,Intel::ADDR,ABUSE-CH,F,THREATFOX
18.162.190.213,Intel::ADDR,ABUSE-CH,F,THREATFOX
18.170.33.45,Intel::ADDR,ABUSE-CH,F,THREATFOX
18.170.33.45,Intel::ADDR,ABUSE-CH,F,THREATFOX
18.170.33.45,Intel::ADDR,ABUSE-CH,F,THREATFOX
18.170.33.45,Intel::ADDR,ABUSE-CH,F,THREATFOX
35.152.135.144,Intel::ADDR,ABUSE-CH,F,THREATFOX
35.152.135.144,Intel::ADDR,ABUSE-CH,F,THREATFOX
15.168.14.98,Intel::ADDR,ABUSE-CH,F,THREATFOX
15.168.14.98,Intel::ADDR,ABUSE-CH,F,THREATFOX
43.199.144.50,Intel::ADDR,ABUSE-CH,F,THREATFOX
43.199.144.50,Intel::ADDR,ABUSE-CH,F,THREATFOX
43.205.96.101,Intel::ADDR,ABUSE-CH,F,THREATFOX
43.205.96.101,Intel::ADDR,ABUSE-CH,F,THREATFOX
54.221.111.221,Intel::ADDR,ABUSE-CH,F,THREATFOX
54.221.111.221,Intel::ADDR,ABUSE-CH,F,THREATFOX
52.15.104.72,Intel::ADDR,ABUSE-CH,F,THREATFOX
52.15.104.72,Intel::ADDR,ABUSE-CH,F,THREATFOX
45.244.140.213,Intel::ADDR,ABUSE-CH,F,THREATFOX
45.244.140.213,Intel::ADDR,ABUSE-CH,F,THREATFOX
161.97.67.39,Intel::ADDR,ABUSE-CH,F,THREATFOX
161.97.67.39,Intel::ADDR,ABUSE-CH,F,THREATFOX
197.134.50.84,Intel::ADDR,ABUSE-CH,F,THREATFOX
197.134.50.84,Intel::ADDR,ABUSE-CH,F,THREATFOX
34.151.249.253,Intel::ADDR,ABUSE-CH,F,THREATFOX
34.151.249.253,Intel::ADDR,ABUSE-CH,F,THREATFOX
43.159.49.132,Intel::ADDR,ABUSE-CH,F,THREATFOX
43.159.49.132,Intel::ADDR,ABUSE-CH,F,THREATFOX
31.220.97.227,Intel::ADDR,ABUSE-CH,F,THREATFOX
31.220.97.227,Intel::ADDR,ABUSE-CH,F,THREATFOX
158.94.211.18,Intel::ADDR,ABUSE-CH,F,THREATFOX
158.94.211.18,Intel::ADDR,ABUSE-CH,F,THREATFOX
8.210.125.140,Intel::ADDR,ABUSE-CH,F,THREATFOX
8.210.125.140,Intel::ADDR,ABUSE-CH,F,THREATFOX
47.83.249.18,Intel::ADDR,ABUSE-CH,F,THREATFOX
47.83.249.18,Intel::ADDR,ABUSE-CH,F,THREATFOX
31.172.80.212,Intel::ADDR,ABUSE-CH,F,THREATFOX
198.251.89.149,Intel::ADDR,ABUSE-CH,F,THREATFOX
35.170.217.214,Intel::ADDR,ABUSE-CH,F,THREATFOX
161.189.237.239,Intel::ADDR,ABUSE-CH,F,THREATFOX
26.159.110.92,Intel::ADDR,ABUSE-CH,F,THREATFOX
47.76.147.135,Intel::ADDR,ABUSE-CH,F,THREATFOX
47.76.147.135,Intel::ADDR,ABUSE-CH,F,THREATFOX
154.9.26.201,Intel::ADDR,ABUSE-CH,F,THREATFOX
37.19.221.168,Intel::ADDR,ABUSE-CH,F,THREATFOX
15.237.101.71,Intel::ADDR,ABUSE-CH,F,THREATFOX
15.237.101.71,Intel::ADDR,ABUSE-CH,F,THREATFOX
15.237.101.71,Intel::ADDR,ABUSE-CH,F,THREATFOX
15.237.101.71,Intel::ADDR,ABUSE-CH,F,THREATFOX
15.237.101.71,Intel::ADDR,ABUSE-CH,F,THREATFOX
15.237.101.71,Intel::ADDR,ABUSE-CH,F,THREATFOX
3.10.232.160,Intel::ADDR,ABUSE-CH,F,THREATFOX
3.10.232.160,Intel::ADDR,ABUSE-CH,F,THREATFOX
3.145.156.172,Intel::ADDR,ABUSE-CH,F,THREATFOX
3.145.156.172,Intel::ADDR,ABUSE-CH,F,THREATFOX
40.177.115.38,Intel::ADDR,ABUSE-CH,F,THREATFOX
40.177.115.38,Intel::ADDR,ABUSE-CH,F,THREATFOX
13.49.80.35,Intel::ADDR,ABUSE-CH,F,THREATFOX
13.49.80.35,Intel::ADDR,ABUSE-CH,F,THREATFOX
18.170.33.45,Intel::ADDR,ABUSE-CH,F,THREATFOX
18.170.33.45,Intel::ADDR,ABUSE-CH,F,THREATFOX
3.91.157.114,Intel::ADDR,ABUSE-CH,F,THREATFOX
3.91.157.114,Intel::ADDR,ABUSE-CH,F,THREATFOX
43.205.96.101,Intel::ADDR,ABUSE-CH,F,THREATFOX
43.205.96.101,Intel::ADDR,ABUSE-CH,F,THREATFOX
95.111.225.15,Intel::ADDR,ABUSE-CH,F,THREATFOX
95.111.225.15,Intel::ADDR,ABUSE-CH,F,THREATFOX
107.172.31.101,Intel::ADDR,ABUSE-CH,F,THREATFOX
107.172.31.101,Intel::ADDR,ABUSE-CH,F,THREATFOX
185.208.156.201,Intel::ADDR,ABUSE-CH,F,THREATFOX
185.208.156.201,Intel::ADDR,ABUSE-CH,F,THREATFOX
104.168.0.140,Intel::ADDR,ABUSE-CH,F,THREATFOX
91.215.85.42,Intel::ADDR,ABUSE-CH,F,THREATFOX
5.196.243.97,Intel::ADDR,ABUSE-CH,F,THREATFOX
94.156.152.67,Intel::ADDR,ABUSE-CH,F,THREATFOX
45.144.54.79,Intel::ADDR,ABUSE-CH,F,THREATFOX
185.14.92.67,Intel::ADDR,ABUSE-CH,F,THREATFOX
45.137.70.87,Intel::ADDR,ABUSE-CH,F,THREATFOX
47.76.197.47,Intel::ADDR,ABUSE-CH,F,THREATFOX
47.76.197.47,Intel::ADDR,ABUSE-CH,F,THREATFOX
35.72.14.173,Intel::ADDR,ABUSE-CH,F,THREATFOX
35.72.14.173,Intel::ADDR,ABUSE-CH,F,THREATFOX
35.72.14.173,Intel::ADDR,ABUSE-CH,F,THREATFOX
35.72.14.173,Intel::ADDR,ABUSE-CH,F,THREATFOX
15.222.249.45,Intel::ADDR,ABUSE-CH,F,THREATFOX
15.222.249.45,Intel::ADDR,ABUSE-CH,F,THREATFOX
13.247.110.79,Intel::ADDR,ABUSE-CH,F,THREATFOX
13.247.110.79,Intel::ADDR,ABUSE-CH,F,THREATFOX
13.247.110.79,Intel::ADDR,ABUSE-CH,F,THREATFOX
13.247.110.79,Intel::ADDR,ABUSE-CH,F,THREATFOX
3.25.76.119,Intel::ADDR,ABUSE-CH,F,THREATFOX
3.25.76.119,Intel::ADDR,ABUSE-CH,F,THREATFOX
15.161.131.57,Intel::ADDR,ABUSE-CH,F,THREATFOX
15.161.131.57,Intel::ADDR,ABUSE-CH,F,THREATFOX
35.93.135.13,Intel::ADDR,ABUSE-CH,F,THREATFOX
35.93.135.13,Intel::ADDR,ABUSE-CH,F,THREATFOX
35.93.135.13,Intel::ADDR,ABUSE-CH,F,THREATFOX
35.93.135.13,Intel::ADDR,ABUSE-CH,F,THREATFOX
15.160.201.186,Intel::ADDR,ABUSE-CH,F,THREATFOX
15.160.201.186,Intel::ADDR,ABUSE-CH,F,THREATFOX
15.160.201.186,Intel::ADDR,ABUSE-CH,F,THREATFOX
15.160.201.186,Intel::ADDR,ABUSE-CH,F,THREATFOX
15.160.201.186,Intel::ADDR,ABUSE-CH,F,THREATFOX
15.160.201.186,Intel::ADDR,ABUSE-CH,F,THREATFOX
3.21.106.208,Intel::ADDR,ABUSE-CH,F,THREATFOX
3.21.106.208,Intel::ADDR,ABUSE-CH,F,THREATFOX
43.198.227.159,Intel::ADDR,ABUSE-CH,F,THREATFOX
43.198.227.159,Intel::ADDR,ABUSE-CH,F,THREATFOX
43.198.227.159,Intel::ADDR,ABUSE-CH,F,THREATFOX
43.198.227.159,Intel::ADDR,ABUSE-CH,F,THREATFOX
88.11.159.197,Intel::ADDR,ABUSE-CH,F,THREATFOX
88.11.159.197,Intel::ADDR,ABUSE-CH,F,THREATFOX
18.144.60.171,Intel::ADDR,ABUSE-CH,F,THREATFOX
18.144.60.171,Intel::ADDR,ABUSE-CH,F,THREATFOX
179.95.199.57,Intel::ADDR,ABUSE-CH,F,THREATFOX
179.95.199.57,Intel::ADDR,ABUSE-CH,F,THREATFOX
201.139.92.66,Intel::ADDR,ABUSE-CH,F,THREATFOX
201.139.92.66,Intel::ADDR,ABUSE-CH,F,THREATFOX
185.163.204.214,Intel::ADDR,ABUSE-CH,F,THREATFOX
185.163.204.214,Intel::ADDR,ABUSE-CH,F,THREATFOX
104.243.248.63,Intel::ADDR,ABUSE-CH,F,THREATFOX
104.243.248.63,Intel::ADDR,ABUSE-CH,F,THREATFOX
176.31.71.168,Intel::ADDR,ABUSE-CH,F,THREATFOX
176.31.71.168,Intel::ADDR,ABUSE-CH,F,THREATFOX
194.14.217.119,Intel::ADDR,ABUSE-CH,F,THREATFOX
194.14.217.119,Intel::ADDR,ABUSE-CH,F,THREATFOX
45.143.131.123,Intel::ADDR,ABUSE-CH,F,THREATFOX
13.200.130.119,Intel::ADDR,ABUSE-CH,F,THREATFOX
13.200.130.119,Intel::ADDR,ABUSE-CH,F,THREATFOX
142.171.48.246,Intel::ADDR,ABUSE-CH,F,THREATFOX
142.171.48.246,Intel::ADDR,ABUSE-CH,F,THREATFOX
154.36.173.164,Intel::ADDR,ABUSE-CH,F,THREATFOX
154.36.173.164,Intel::ADDR,ABUSE-CH,F,THREATFOX
217.216.32.194,Intel::ADDR,ABUSE-CH,F,THREATFOX
217.216.32.194,Intel::ADDR,ABUSE-CH,F,THREATFOX
47.237.15.197,Intel::ADDR,ABUSE-CH,F,THREATFOX
47.237.15.197,Intel::ADDR,ABUSE-CH,F,THREATFOX
34.151.214.214,Intel::ADDR,ABUSE-CH,F,THREATFOX
34.151.214.214,Intel::ADDR,ABUSE-CH,F,THREATFOX
108.160.131.147,Intel::ADDR,ABUSE-CH,F,THREATFOX
108.160.131.147,Intel::ADDR,ABUSE-CH,F,THREATFOX
117.72.13.112,Intel::ADDR,ABUSE-CH,F,THREATFOX
117.72.13.112,Intel::ADDR,ABUSE-CH,F,THREATFOX
43.143.231.218,Intel::ADDR,ABUSE-CH,F,THREATFOX
43.143.231.218,Intel::ADDR,ABUSE-CH,F,THREATFOX
139.129.35.100,Intel::ADDR,ABUSE-CH,F,THREATFOX
139.129.35.100,Intel::ADDR,ABUSE-CH,F,THREATFOX
194.87.77.26,Intel::ADDR,ABUSE-CH,F,THREATFOX
178.17.59.196,Intel::ADDR,ABUSE-CH,F,THREATFOX
77.42.48.195,Intel::ADDR,ABUSE-CH,F,THREATFOX
45.61.139.127,Intel::ADDR,ABUSE-CH,F,THREATFOX
44.254.160.33,Intel::ADDR,ABUSE-CH,F,THREATFOX
34.197.163.138,Intel::ADDR,ABUSE-CH,F,THREATFOX
3.224.171.174,Intel::ADDR,ABUSE-CH,F,THREATFOX
165.227.30.154,Intel::ADDR,ABUSE-CH,F,THREATFOX
91.208.184.240,Intel::ADDR,ABUSE-CH,F,THREATFOX
91.208.184.240,Intel::ADDR,ABUSE-CH,F,THREATFOX
15.188.84.193,Intel::ADDR,ABUSE-CH,F,THREATFOX
15.188.84.193,Intel::ADDR,ABUSE-CH,F,THREATFOX
54.244.57.14,Intel::ADDR,ABUSE-CH,F,THREATFOX
54.244.57.14,Intel::ADDR,ABUSE-CH,F,THREATFOX
3.15.4.251,Intel::ADDR,ABUSE-CH,F,THREATFOX
3.15.4.251,Intel::ADDR,ABUSE-CH,F,THREATFOX
3.15.4.251,Intel::ADDR,ABUSE-CH,F,THREATFOX
3.15.4.251,Intel::ADDR,ABUSE-CH,F,THREATFOX
3.15.4.251,Intel::ADDR,ABUSE-CH,F,THREATFOX
3.15.4.251,Intel::ADDR,ABUSE-CH,F,THREATFOX
3.125.33.240,Intel::ADDR,ABUSE-CH,F,THREATFOX
3.125.33.240,Intel::ADDR,ABUSE-CH,F,THREATFOX
103.177.47.221,Intel::ADDR,ABUSE-CH,F,THREATFOX
103.177.47.221,Intel::ADDR,ABUSE-CH,F,THREATFOX
40.177.229.194,Intel::ADDR,ABUSE-CH,F,THREATFOX
40.177.229.194,Intel::ADDR,ABUSE-CH,F,THREATFOX
196.74.220.85,Intel::ADDR,ABUSE-CH,F,THREATFOX
196.74.220.85,Intel::ADDR,ABUSE-CH,F,THREATFOX
51.16.37.227,Intel::ADDR,ABUSE-CH,F,THREATFOX
51.16.37.227,Intel::ADDR,ABUSE-CH,F,THREATFOX
18.130.52.11,Intel::ADDR,ABUSE-CH,F,THREATFOX
18.130.52.11,Intel::ADDR,ABUSE-CH,F,THREATFOX
18.61.252.37,Intel::ADDR,ABUSE-CH,F,THREATFOX
18.61.252.37,Intel::ADDR,ABUSE-CH,F,THREATFOX
18.61.252.37,Intel::ADDR,ABUSE-CH,F,THREATFOX
18.61.252.37,Intel::ADDR,ABUSE-CH,F,THREATFOX
52.23.214.10,Intel::ADDR,ABUSE-CH,F,THREATFOX
52.23.214.10,Intel::ADDR,ABUSE-CH,F,THREATFOX
103.177.47.226,Intel::ADDR,ABUSE-CH,F,THREATFOX
103.177.47.226,Intel::ADDR,ABUSE-CH,F,THREATFOX
100.26.7.35,Intel::ADDR,ABUSE-CH,F,THREATFOX
100.26.7.35,Intel::ADDR,ABUSE-CH,F,THREATFOX
167.86.155.90,Intel::ADDR,ABUSE-CH,F,THREATFOX
167.86.155.90,Intel::ADDR,ABUSE-CH,F,THREATFOX
41.250.131.63,Intel::ADDR,ABUSE-CH,F,THREATFOX
41.250.131.63,Intel::ADDR,ABUSE-CH,F,THREATFOX
69.167.11.186,Intel::ADDR,ABUSE-CH,F,THREATFOX
69.167.11.186,Intel::ADDR,ABUSE-CH,F,THREATFOX
171.239.168.129,Intel::ADDR,ABUSE-CH,F,THREATFOX
171.239.168.129,Intel::ADDR,ABUSE-CH,F,THREATFOX
212.95.55.172,Intel::ADDR,ABUSE-CH,F,THREATFOX
212.95.55.172,Intel::ADDR,ABUSE-CH,F,THREATFOX
115.190.151.227,Intel::ADDR,ABUSE-CH,F,THREATFOX
115.190.151.227,Intel::ADDR,ABUSE-CH,F,THREATFOX
112.124.32.100,Intel::ADDR,ABUSE-CH,F,THREATFOX
112.124.32.100,Intel::ADDR,ABUSE-CH,F,THREATFOX
27.124.46.83,Intel::ADDR,ABUSE-CH,F,THREATFOX
27.124.46.83,Intel::ADDR,ABUSE-CH,F,THREATFOX
8.217.90.255,Intel::ADDR,ABUSE-CH,F,THREATFOX
8.217.90.255,Intel::ADDR,ABUSE-CH,F,THREATFOX
156.234.254.158,Intel::ADDR,ABUSE-CH,F,THREATFOX
156.234.254.158,Intel::ADDR,ABUSE-CH,F,THREATFOX
39.105.21.181,Intel::ADDR,ABUSE-CH,F,THREATFOX
39.105.21.181,Intel::ADDR,ABUSE-CH,F,THREATFOX
47.83.249.18,Intel::ADDR,ABUSE-CH,F,THREATFOX
47.83.249.18,Intel::ADDR,ABUSE-CH,F,THREATFOX
110.41.164.60,Intel::ADDR,ABUSE-CH,F,THREATFOX
111.230.9.108,Intel::ADDR,ABUSE-CH,F,THREATFOX
103.144.244.252,Intel::ADDR,ABUSE-CH,F,THREATFOX
194.156.79.17,Intel::ADDR,ABUSE-CH,F,THREATFOX
18.166.210.216,Intel::ADDR,ABUSE-CH,F,THREATFOX
18.166.210.216,Intel::ADDR,ABUSE-CH,F,THREATFOX
13.55.40.36,Intel::ADDR,ABUSE-CH,F,THREATFOX
13.55.40.36,Intel::ADDR,ABUSE-CH,F,THREATFOX
13.55.40.36,Intel::ADDR,ABUSE-CH,F,THREATFOX
13.55.40.36,Intel::ADDR,ABUSE-CH,F,THREATFOX
13.208.214.74,Intel::ADDR,ABUSE-CH,F,THREATFOX
13.208.214.74,Intel::ADDR,ABUSE-CH,F,THREATFOX
52.50.166.229,Intel::ADDR,ABUSE-CH,F,THREATFOX
52.50.166.229,Intel::ADDR,ABUSE-CH,F,THREATFOX
52.50.166.229,Intel::ADDR,ABUSE-CH,F,THREATFOX
52.50.166.229,Intel::ADDR,ABUSE-CH,F,THREATFOX
40.233.25.87,Intel::ADDR,ABUSE-CH,F,THREATFOX
40.233.25.87,Intel::ADDR,ABUSE-CH,F,THREATFOX
52.50.166.229,Intel::ADDR,ABUSE-CH,F,THREATFOX
52.50.166.229,Intel::ADDR,ABUSE-CH,F,THREATFOX
35.152.239.84,Intel::ADDR,ABUSE-CH,F,THREATFOX
35.152.239.84,Intel::ADDR,ABUSE-CH,F,THREATFOX
16.51.68.115,Intel::ADDR,ABUSE-CH,F,THREATFOX
16.51.68.115,Intel::ADDR,ABUSE-CH,F,THREATFOX
54.170.93.15,Intel::ADDR,ABUSE-CH,F,THREATFOX
54.170.93.15,Intel::ADDR,ABUSE-CH,F,THREATFOX
54.170.93.15,Intel::ADDR,ABUSE-CH,F,THREATFOX
54.170.93.15,Intel::ADDR,ABUSE-CH,F,THREATFOX
3.101.111.164,Intel::ADDR,ABUSE-CH,F,THREATFOX
3.101.111.164,Intel::ADDR,ABUSE-CH,F,THREATFOX
3.36.54.153,Intel::ADDR,ABUSE-CH,F,THREATFOX
3.36.54.153,Intel::ADDR,ABUSE-CH,F,THREATFOX
54.241.116.173,Intel::ADDR,ABUSE-CH,F,THREATFOX
54.241.116.173,Intel::ADDR,ABUSE-CH,F,THREATFOX
3.101.111.164,Intel::ADDR,ABUSE-CH,F,THREATFOX
3.101.111.164,Intel::ADDR,ABUSE-CH,F,THREATFOX
15.160.114.96,Intel::ADDR,ABUSE-CH,F,THREATFOX
15.160.114.96,Intel::ADDR,ABUSE-CH,F,THREATFOX
217.216.32.194,Intel::ADDR,ABUSE-CH,F,THREATFOX
217.216.32.194,Intel::ADDR,ABUSE-CH,F,THREATFOX
3.67.112.102,Intel::ADDR,ABUSE-CH,F,THREATFOX
3.67.112.102,Intel::ADDR,ABUSE-CH,F,THREATFOX
36.140.162.173,Intel::ADDR,ABUSE-CH,F,THREATFOX
36.140.162.173,Intel::ADDR,ABUSE-CH,F,THREATFOX
45.56.68.27,Intel::ADDR,ABUSE-CH,F,THREATFOX
45.56.68.27,Intel::ADDR,ABUSE-CH,F,THREATFOX
34.64.98.201,Intel::ADDR,ABUSE-CH,F,THREATFOX
34.64.98.201,Intel::ADDR,ABUSE-CH,F,THREATFOX
45.74.41.98,Intel::ADDR,ABUSE-CH,F,THREATFOX
45.74.41.98,Intel::ADDR,ABUSE-CH,F,THREATFOX
45.156.87.170,Intel::ADDR,ABUSE-CH,F,THREATFOX
45.156.87.170,Intel::ADDR,ABUSE-CH,F,THREATFOX
20.189.72.117,Intel::ADDR,ABUSE-CH,F,THREATFOX
151.241.154.73,Intel::ADDR,ABUSE-CH,F,THREATFOX
