213.152.162.170,Intel::ADDR,TweetFeed,F,TweetFeed
213.152.162.170,Intel::ADDR,TweetFeed,F,TweetFeed
213.152.162.89,Intel::ADDR,TweetFeed,F,TweetFeed
213.152.162.89,Intel::ADDR,TweetFeed,F,TweetFeed
104.21.40.11,Intel::ADDR,TweetFeed,F,TweetFeed
172.67.173.216,Intel::ADDR,TweetFeed,F,TweetFeed
104.21.40.11,Intel::ADDR,TweetFeed,F,TweetFeed
172.67.173.216,Intel::ADDR,TweetFeed,F,TweetFeed
34.180.95.167,Intel::ADDR,TweetFeed,F,TweetFeed
104.21.7.186,Intel::ADDR,TweetFeed,F,TweetFeed
34.153.218.77,Intel::ADDR,TweetFeed,F,TweetFeed
104.21.82.26,Intel::ADDR,TweetFeed,F,TweetFeed
8.216.0.246,Intel::ADDR,TweetFeed,F,TweetFeed
34.84.118.108,Intel::ADDR,TweetFeed,F,TweetFeed
104.21.20.114,Intel::ADDR,TweetFeed,F,TweetFeed
34.104.181.55,Intel::ADDR,TweetFeed,F,TweetFeed
104.21.76.224,Intel::ADDR,TweetFeed,F,TweetFeed
43.165.191.245,Intel::ADDR,TweetFeed,F,TweetFeed
43.165.191.245,Intel::ADDR,TweetFeed,F,TweetFeed
184.171.244.129,Intel::ADDR,TweetFeed,F,TweetFeed
46.29.136.52,Intel::ADDR,TweetFeed,F,TweetFeed
120.30.67.169,Intel::ADDR,TweetFeed,F,TweetFeed
49.79.24.132,Intel::ADDR,TweetFeed,F,TweetFeed
49.79.24.184,Intel::ADDR,TweetFeed,F,TweetFeed
120.30.67.54,Intel::ADDR,TweetFeed,F,TweetFeed
118.120.190.146,Intel::ADDR,TweetFeed,F,TweetFeed
43.153.167.11,Intel::ADDR,TweetFeed,F,TweetFeed
144.172.106.251,Intel::ADDR,TweetFeed,F,TweetFeed
104.21.69.189,Intel::ADDR,TweetFeed,F,TweetFeed
34.125.166.116,Intel::ADDR,TweetFeed,F,TweetFeed
104.21.93.109,Intel::ADDR,TweetFeed,F,TweetFeed
172.67.152.185,Intel::ADDR,TweetFeed,F,TweetFeed
34.125.222.219,Intel::ADDR,TweetFeed,F,TweetFeed
94.156.181.89,Intel::ADDR,TweetFeed,F,TweetFeed
94.156.181.89,Intel::ADDR,TweetFeed,F,TweetFeed
172.67.148.40,Intel::ADDR,TweetFeed,F,TweetFeed
104.21.71.193,Intel::ADDR,TweetFeed,F,TweetFeed
172.67.148.40,Intel::ADDR,TweetFeed,F,TweetFeed
104.21.71.193,Intel::ADDR,TweetFeed,F,TweetFeed
87.251.69.12,Intel::ADDR,TweetFeed,F,TweetFeed
91.215.85.119,Intel::ADDR,TweetFeed,F,TweetFeed
43.165.70.97,Intel::ADDR,TweetFeed,F,TweetFeed
43.165.70.97,Intel::ADDR,TweetFeed,F,TweetFeed
172.67.218.12,Intel::ADDR,TweetFeed,F,TweetFeed
104.21.17.5,Intel::ADDR,TweetFeed,F,TweetFeed
104.21.17.5,Intel::ADDR,TweetFeed,F,TweetFeed
172.67.218.12,Intel::ADDR,TweetFeed,F,TweetFeed
176.169.236.210,Intel::ADDR,TweetFeed,F,TweetFeed
74.208.183.104,Intel::ADDR,TweetFeed,F,TweetFeed
81.141.112.253,Intel::ADDR,TweetFeed,F,TweetFeed
193.138.81.106,Intel::ADDR,TweetFeed,F,TweetFeed
95.179.192.8,Intel::ADDR,TweetFeed,F,TweetFeed
188.116.26.254,Intel::ADDR,TweetFeed,F,TweetFeed
91.208.206.67,Intel::ADDR,TweetFeed,F,TweetFeed
45.144.212.77,Intel::ADDR,TweetFeed,F,TweetFeed
158.94.208.107,Intel::ADDR,TweetFeed,F,TweetFeed
45.144.212.77,Intel::ADDR,TweetFeed,F,TweetFeed
158.94.208.107,Intel::ADDR,TweetFeed,F,TweetFeed
213.152.162.94,Intel::ADDR,TweetFeed,F,TweetFeed
213.152.162.94,Intel::ADDR,TweetFeed,F,TweetFeed
193.161.193.99,Intel::ADDR,TweetFeed,F,TweetFeed
193.161.193.99,Intel::ADDR,TweetFeed,F,TweetFeed
206.245.167.65,Intel::ADDR,TweetFeed,F,TweetFeed
95.168.134.12,Intel::ADDR,TweetFeed,F,TweetFeed
148.178.64.0,Intel::ADDR,TweetFeed,F,TweetFeed
148.178.32.0,Intel::ADDR,TweetFeed,F,TweetFeed
156.234.208.0,Intel::ADDR,TweetFeed,F,TweetFeed
207.56.192.0,Intel::ADDR,TweetFeed,F,TweetFeed
178.16.52.0,Intel::ADDR,TweetFeed,F,TweetFeed
23.226.52.0,Intel::ADDR,TweetFeed,F,TweetFeed
23.226.51.0,Intel::ADDR,TweetFeed,F,TweetFeed
45.114.106.0,Intel::ADDR,TweetFeed,F,TweetFeed
91.92.240.0,Intel::ADDR,TweetFeed,F,TweetFeed
156.234.68.0,Intel::ADDR,TweetFeed,F,TweetFeed
148.178.64.0,Intel::ADDR,TweetFeed,F,TweetFeed
148.178.32.0,Intel::ADDR,TweetFeed,F,TweetFeed
156.234.208.0,Intel::ADDR,TweetFeed,F,TweetFeed
207.56.192.0,Intel::ADDR,TweetFeed,F,TweetFeed
178.16.52.0,Intel::ADDR,TweetFeed,F,TweetFeed
23.226.52.0,Intel::ADDR,TweetFeed,F,TweetFeed
23.226.51.0,Intel::ADDR,TweetFeed,F,TweetFeed
45.114.106.0,Intel::ADDR,TweetFeed,F,TweetFeed
91.92.240.0,Intel::ADDR,TweetFeed,F,TweetFeed
156.234.68.0,Intel::ADDR,TweetFeed,F,TweetFeed
45.93.20.205,Intel::ADDR,TweetFeed,F,TweetFeed
45.93.20.205,Intel::ADDR,TweetFeed,F,TweetFeed
134.19.179.235,Intel::ADDR,TweetFeed,F,TweetFeed
134.19.179.235,Intel::ADDR,TweetFeed,F,TweetFeed
95.168.134.12,Intel::ADDR,TweetFeed,F,TweetFeed
172.67.213.69,Intel::ADDR,TweetFeed,F,TweetFeed
104.21.93.173,Intel::ADDR,TweetFeed,F,TweetFeed
172.67.213.69,Intel::ADDR,TweetFeed,F,TweetFeed
104.21.93.173,Intel::ADDR,TweetFeed,F,TweetFeed
43.167.236.68,Intel::ADDR,TweetFeed,F,TweetFeed
43.167.236.68,Intel::ADDR,TweetFeed,F,TweetFeed
104.21.15.57,Intel::ADDR,TweetFeed,F,TweetFeed
172.67.161.187,Intel::ADDR,TweetFeed,F,TweetFeed
172.67.161.187,Intel::ADDR,TweetFeed,F,TweetFeed
104.21.15.57,Intel::ADDR,TweetFeed,F,TweetFeed
94.156.181.89,Intel::ADDR,TweetFeed,F,TweetFeed
94.156.181.89,Intel::ADDR,TweetFeed,F,TweetFeed
193.161.193.99,Intel::ADDR,TweetFeed,F,TweetFeed
193.161.193.99,Intel::ADDR,TweetFeed,F,TweetFeed
172.67.194.96,Intel::ADDR,TweetFeed,F,TweetFeed
20.60.202.11,Intel::ADDR,TweetFeed,F,TweetFeed
156.234.68.0,Intel::ADDR,TweetFeed,F,TweetFeed
45.114.106.0,Intel::ADDR,TweetFeed,F,TweetFeed
23.226.51.0,Intel::ADDR,TweetFeed,F,TweetFeed
91.92.240.0,Intel::ADDR,TweetFeed,F,TweetFeed
74.119.149.0,Intel::ADDR,TweetFeed,F,TweetFeed
23.226.52.0,Intel::ADDR,TweetFeed,F,TweetFeed
178.16.52.0,Intel::ADDR,TweetFeed,F,TweetFeed
207.56.192.0,Intel::ADDR,TweetFeed,F,TweetFeed
156.234.208.0,Intel::ADDR,TweetFeed,F,TweetFeed
148.178.32.0,Intel::ADDR,TweetFeed,F,TweetFeed
148.178.64.0,Intel::ADDR,TweetFeed,F,TweetFeed
156.234.208.0,Intel::ADDR,TweetFeed,F,TweetFeed
148.178.64.0,Intel::ADDR,TweetFeed,F,TweetFeed
148.178.32.0,Intel::ADDR,TweetFeed,F,TweetFeed
207.56.192.0,Intel::ADDR,TweetFeed,F,TweetFeed
178.16.52.0,Intel::ADDR,TweetFeed,F,TweetFeed
156.234.68.0,Intel::ADDR,TweetFeed,F,TweetFeed
74.119.149.0,Intel::ADDR,TweetFeed,F,TweetFeed
91.92.240.0,Intel::ADDR,TweetFeed,F,TweetFeed
23.226.51.0,Intel::ADDR,TweetFeed,F,TweetFeed
45.114.106.0,Intel::ADDR,TweetFeed,F,TweetFeed
23.226.52.0,Intel::ADDR,TweetFeed,F,TweetFeed
104.21.63.75,Intel::ADDR,TweetFeed,F,TweetFeed
104.21.63.75,Intel::ADDR,TweetFeed,F,TweetFeed
77.110.103.90,Intel::ADDR,TweetFeed,F,TweetFeed
77.110.103.90,Intel::ADDR,TweetFeed,F,TweetFeed
161.97.121.66,Intel::ADDR,TweetFeed,F,TweetFeed
172.67.194.96,Intel::ADDR,TweetFeed,F,TweetFeed
178.16.55.182,Intel::ADDR,TweetFeed,F,TweetFeed
178.16.55.182,Intel::ADDR,TweetFeed,F,TweetFeed
185.234.73.46,Intel::ADDR,TweetFeed,F,TweetFeed
185.234.73.46,Intel::ADDR,TweetFeed,F,TweetFeed
45.192.110.20,Intel::ADDR,TweetFeed,F,TweetFeed
45.192.110.20,Intel::ADDR,TweetFeed,F,TweetFeed
104.21.63.75,Intel::ADDR,TweetFeed,F,TweetFeed
104.21.63.75,Intel::ADDR,TweetFeed,F,TweetFeed
43.165.191.245,Intel::ADDR,TweetFeed,F,TweetFeed
43.165.191.245,Intel::ADDR,TweetFeed,F,TweetFeed
130.12.180.43,Intel::ADDR,TweetFeed,F,TweetFeed
178.16.55.189,Intel::ADDR,TweetFeed,F,TweetFeed
130.12.180.43,Intel::ADDR,TweetFeed,F,TweetFeed
178.16.55.189,Intel::ADDR,TweetFeed,F,TweetFeed
104.21.59.6,Intel::ADDR,TweetFeed,F,TweetFeed
172.67.167.97,Intel::ADDR,TweetFeed,F,TweetFeed
172.67.167.97,Intel::ADDR,TweetFeed,F,TweetFeed
104.21.59.6,Intel::ADDR,TweetFeed,F,TweetFeed
172.67.160.134,Intel::ADDR,TweetFeed,F,TweetFeed
172.67.160.134,Intel::ADDR,TweetFeed,F,TweetFeed
104.21.9.143,Intel::ADDR,TweetFeed,F,TweetFeed
104.21.9.143,Intel::ADDR,TweetFeed,F,TweetFeed
104.21.4.53,Intel::ADDR,TweetFeed,F,TweetFeed
172.67.153.230,Intel::ADDR,TweetFeed,F,TweetFeed
104.21.4.53,Intel::ADDR,TweetFeed,F,TweetFeed
172.67.153.230,Intel::ADDR,TweetFeed,F,TweetFeed
109.107.168.147,Intel::ADDR,TweetFeed,F,TweetFeed
20.150.44.65,Intel::ADDR,TweetFeed,F,TweetFeed
95.179.213.0,Intel::ADDR,TweetFeed,F,TweetFeed
95.179.213.0,Intel::ADDR,TweetFeed,F,TweetFeed
148.178.64.0,Intel::ADDR,TweetFeed,F,TweetFeed
148.178.32.0,Intel::ADDR,TweetFeed,F,TweetFeed
156.234.208.0,Intel::ADDR,TweetFeed,F,TweetFeed
207.56.192.0,Intel::ADDR,TweetFeed,F,TweetFeed
178.16.52.0,Intel::ADDR,TweetFeed,F,TweetFeed
23.226.52.0,Intel::ADDR,TweetFeed,F,TweetFeed
74.119.149.0,Intel::ADDR,TweetFeed,F,TweetFeed
23.226.51.0,Intel::ADDR,TweetFeed,F,TweetFeed
45.114.106.0,Intel::ADDR,TweetFeed,F,TweetFeed
156.234.68.0,Intel::ADDR,TweetFeed,F,TweetFeed
148.178.64.0,Intel::ADDR,TweetFeed,F,TweetFeed
148.178.32.0,Intel::ADDR,TweetFeed,F,TweetFeed
156.234.208.0,Intel::ADDR,TweetFeed,F,TweetFeed
207.56.192.0,Intel::ADDR,TweetFeed,F,TweetFeed
178.16.52.0,Intel::ADDR,TweetFeed,F,TweetFeed
23.226.52.0,Intel::ADDR,TweetFeed,F,TweetFeed
74.119.149.0,Intel::ADDR,TweetFeed,F,TweetFeed
23.226.51.0,Intel::ADDR,TweetFeed,F,TweetFeed
45.114.106.0,Intel::ADDR,TweetFeed,F,TweetFeed
156.234.68.0,Intel::ADDR,TweetFeed,F,TweetFeed
213.152.162.69,Intel::ADDR,TweetFeed,F,TweetFeed
213.152.162.69,Intel::ADDR,TweetFeed,F,TweetFeed
82.153.138.120,Intel::ADDR,TweetFeed,F,TweetFeed
82.153.138.120,Intel::ADDR,TweetFeed,F,TweetFeed
58.59.44.132,Intel::ADDR,TweetFeed,F,TweetFeed
58.59.44.132,Intel::ADDR,TweetFeed,F,TweetFeed
107.174.34.163,Intel::ADDR,TweetFeed,F,TweetFeed
107.174.33.21,Intel::ADDR,TweetFeed,F,TweetFeed
107.174.34.163,Intel::ADDR,TweetFeed,F,TweetFeed
107.174.33.21,Intel::ADDR,TweetFeed,F,TweetFeed
104.21.77.197,Intel::ADDR,TweetFeed,F,TweetFeed
172.67.211.110,Intel::ADDR,TweetFeed,F,TweetFeed
104.21.77.197,Intel::ADDR,TweetFeed,F,TweetFeed
172.67.211.110,Intel::ADDR,TweetFeed,F,TweetFeed
8.211.159.7,Intel::ADDR,TweetFeed,F,TweetFeed
172.67.159.199,Intel::ADDR,TweetFeed,F,TweetFeed
104.21.90.187,Intel::ADDR,TweetFeed,F,TweetFeed
172.67.159.199,Intel::ADDR,TweetFeed,F,TweetFeed
104.21.90.187,Intel::ADDR,TweetFeed,F,TweetFeed
72.62.185.31,Intel::ADDR,TweetFeed,F,TweetFeed
72.62.185.31,Intel::ADDR,TweetFeed,F,TweetFeed
107.174.34.163,Intel::ADDR,TweetFeed,F,TweetFeed
107.174.34.163,Intel::ADDR,TweetFeed,F,TweetFeed
107.178.104.182,Intel::ADDR,TweetFeed,F,TweetFeed
107.178.104.182,Intel::ADDR,TweetFeed,F,TweetFeed
41.40.113.25,Intel::ADDR,TweetFeed,F,TweetFeed
41.40.113.25,Intel::ADDR,TweetFeed,F,TweetFeed
79.137.196.232,Intel::ADDR,TweetFeed,F,TweetFeed
79.137.196.232,Intel::ADDR,TweetFeed,F,TweetFeed
66.42.85.225,Intel::ADDR,TweetFeed,F,TweetFeed
66.42.85.225,Intel::ADDR,TweetFeed,F,TweetFeed
50.116.30.13,Intel::ADDR,TweetFeed,F,TweetFeed
50.116.30.13,Intel::ADDR,TweetFeed,F,TweetFeed
57.150.245.228,Intel::ADDR,TweetFeed,F,TweetFeed
57.150.245.228,Intel::ADDR,TweetFeed,F,TweetFeed
